{"IcoMoonType":"selection","icons":[{"icon":{"paths":["M936.571 273.143c14.286 20.571 18.286 47.429 10.286 73.714l-157.143 517.714c-14.286 48.571-64.571 86.286-113.714 86.286h-527.429c-58.286 0-120.571-46.286-141.714-105.714-9.143-25.714-9.143-50.857-1.143-72.571 1.143-11.429 3.429-22.857 4-36.571 0.571-9.143-4.571-16.571-3.429-23.429 2.286-13.714 14.286-23.429 23.429-38.857 17.143-28.571 36.571-74.857 42.857-104.571 2.857-10.857-2.857-23.429 0-33.143 2.857-10.857 13.714-18.857 19.429-29.143 15.429-26.286 35.429-77.143 38.286-104 1.143-12-4.571-25.143-1.143-34.286 4-13.143 16.571-18.857 25.143-30.286 13.714-18.857 36.571-73.143 40-103.429 1.143-9.714-4.571-19.429-2.857-29.714 2.286-10.857 16-22.286 25.143-35.429 24-35.429 28.571-113.714 101.143-93.143l-0.571 1.714c9.714-2.286 19.429-5.143 29.143-5.143h434.857c26.857 0 50.857 12 65.143 32 14.857 20.571 18.286 47.429 10.286 74.286l-156.571 517.714c-26.857 88-41.714 107.429-114.286 107.429h-496.571c-7.429 0-16.571 1.714-21.714 8.571-4.571 6.857-5.143 12-0.571 24.571 11.429 33.143 50.857 40 82.286 40h527.429c21.143 0 45.714-12 52-32.571l171.429-564c3.429-10.857 3.429-22.286 2.857-32.571 13.143 5.143 25.143 13.143 33.714 24.571zM328.571 274.286c-3.429 10.286 2.286 18.286 12.571 18.286h347.429c9.714 0 20.571-8 24-18.286l12-36.571c3.429-10.286-2.286-18.286-12.571-18.286h-347.429c-9.714 0-20.571 8-24 18.286zM281.143 420.571c-3.429 10.286 2.286 18.286 12.571 18.286h347.429c9.714 0 20.571-8 24-18.286l12-36.571c3.429-10.286-2.286-18.286-12.571-18.286h-347.429c-9.714 0-20.571 8-24 18.286z"],"width":952.5394285714285,"attrs":[],"isMulticolor":false,"isMulticolor2":false,"tags":["book"],"defaultCode":61485,"grid":14},"attrs":[],"properties":{"name":"book","id":46,"order":2,"prevSize":28,"code":61485},"setIdx":0,"setId":2,"iconIdx":46},{"icon":{"paths":["M665.143 73.143c8.571 0 17.143 1.714 25.143 5.143 25.143 9.714 41.143 33.143 41.143 58.857v736.571c0 25.714-16 49.143-41.143 58.857-8 3.429-16.571 4.571-25.143 4.571-17.714 0-34.286-6.286-47.429-18.286l-252-242.286-252 242.286c-13.143 12-29.714 18.857-47.429 18.857-8.571 0-17.143-1.714-25.143-5.143-25.143-9.714-41.143-33.143-41.143-58.857v-736.571c0-25.714 16-49.143 41.143-58.857 8-3.429 16.571-5.143 25.143-5.143h598.857z"],"width":731.4285714285713,"attrs":[],"isMulticolor":false,"isMulticolor2":false,"tags":["bookmark"],"defaultCode":61486,"grid":14},"attrs":[],"properties":{"name":"bookmark","id":47,"order":7,"prevSize":28,"code":61486},"setIdx":0,"setId":2,"iconIdx":47},{"icon":{"paths":["M585.143 786.286v-91.429c0-10.286-8-18.286-18.286-18.286h-54.857v-292.571c0-10.286-8-18.286-18.286-18.286h-182.857c-10.286 0-18.286 8-18.286 18.286v91.429c0 10.286 8 18.286 18.286 18.286h54.857v182.857h-54.857c-10.286 0-18.286 8-18.286 18.286v91.429c0 10.286 8 18.286 18.286 18.286h256c10.286 0 18.286-8 18.286-18.286zM512 274.286v-91.429c0-10.286-8-18.286-18.286-18.286h-109.714c-10.286 0-18.286 8-18.286 18.286v91.429c0 10.286 8 18.286 18.286 18.286h109.714c10.286 0 18.286-8 18.286-18.286zM877.714 512c0 242.286-196.571 438.857-438.857 438.857s-438.857-196.571-438.857-438.857 196.571-438.857 438.857-438.857 438.857 196.571 438.857 438.857z"],"width":877.7142857142857,"attrs":[],"isMulticolor":false,"isMulticolor2":false,"tags":["info-circle"],"defaultCode":61530,"grid":14},"attrs":[],"properties":{"name":"info-circle","id":89,"order":10,"prevSize":28,"code":61530},"setIdx":0,"setId":2,"iconIdx":89},{"icon":{"paths":["M365.714 822.857c0 16 7.429 54.857-18.286 54.857h-182.857c-90.857 0-164.571-73.714-164.571-164.571v-402.286c0-90.857 73.714-164.571 164.571-164.571h182.857c9.714 0 18.286 8.571 18.286 18.286 0 16 7.429 54.857-18.286 54.857h-182.857c-50.286 0-91.429 41.143-91.429 91.429v402.286c0 50.286 41.143 91.429 91.429 91.429h164.571c14.286 0 36.571-2.857 36.571 18.286zM896 512c0 9.714-4 18.857-10.857 25.714l-310.857 310.857c-6.857 6.857-16 10.857-25.714 10.857-20 0-36.571-16.571-36.571-36.571v-164.571h-256c-20 0-36.571-16.571-36.571-36.571v-219.429c0-20 16.571-36.571 36.571-36.571h256v-164.571c0-20 16.571-36.571 36.571-36.571 9.714 0 18.857 4 25.714 10.857l310.857 310.857c6.857 6.857 10.857 16 10.857 25.714z"],"width":896,"attrs":[],"isMulticolor":false,"isMulticolor2":false,"tags":["sign-out"],"defaultCode":61579,"grid":14},"attrs":[],"properties":{"name":"sign-out","id":132,"order":11,"prevSize":28,"code":61579},"setIdx":0,"setId":2,"iconIdx":132},{"icon":{"paths":["M801.714 168.571c5.714 13.714 2.857 29.714-8 40l-281.714 281.714v424c0 14.857-9.143 28-22.286 33.714-4.571 1.714-9.714 2.857-14.286 2.857-9.714 0-18.857-3.429-25.714-10.857l-146.286-146.286c-6.857-6.857-10.857-16-10.857-25.714v-277.714l-281.714-281.714c-10.857-10.286-13.714-26.286-8-40 5.714-13.143 18.857-22.286 33.714-22.286h731.429c14.857 0 28 9.143 33.714 22.286z"],"width":804.5714285714286,"attrs":[],"isMulticolor":false,"isMulticolor2":false,"tags":["filter"],"defaultCode":61616,"grid":14},"attrs":[],"properties":{"name":"filter","id":166,"order":9,"prevSize":28,"code":61616},"setIdx":0,"setId":2,"iconIdx":166},{"icon":{"paths":["M877.714 768v73.143c0 20-16.571 36.571-36.571 36.571h-804.571c-20 0-36.571-16.571-36.571-36.571v-73.143c0-20 16.571-36.571 36.571-36.571h804.571c20 0 36.571 16.571 36.571 36.571zM877.714 475.429v73.143c0 20-16.571 36.571-36.571 36.571h-804.571c-20 0-36.571-16.571-36.571-36.571v-73.143c0-20 16.571-36.571 36.571-36.571h804.571c20 0 36.571 16.571 36.571 36.571zM877.714 182.857v73.143c0 20-16.571 36.571-36.571 36.571h-804.571c-20 0-36.571-16.571-36.571-36.571v-73.143c0-20 16.571-36.571 36.571-36.571h804.571c20 0 36.571 16.571 36.571 36.571z"],"width":877.7142857142857,"attrs":[],"isMulticolor":false,"isMulticolor2":false,"tags":["bars","navicon","reorder"],"defaultCode":61641,"grid":14},"attrs":[],"properties":{"name":"bars, navicon, reorder","id":178,"order":8,"prevSize":28,"code":61641},"setIdx":0,"setId":2,"iconIdx":178},{"icon":{"paths":["M877.714 512c0 242.286-196.571 438.857-438.857 438.857s-438.857-196.571-438.857-438.857 196.571-438.857 438.857-438.857 438.857 196.571 438.857 438.857z"],"width":877.7142857142857,"attrs":[],"isMulticolor":false,"isMulticolor2":false,"tags":["circle"],"defaultCode":61713,"grid":14},"attrs":[],"properties":{"name":"circle","id":245,"order":3,"prevSize":28,"code":61713},"setIdx":0,"setId":2,"iconIdx":245}],"height":1024,"metadata":{"name":"icomoon"},"preferences":{"showGlyphs":true,"showQuickUse":true,"showQuickUse2":true,"showSVGs":true,"fontPref":{"prefix":"icon-","metadata":{"fontFamily":"icomoon"},"metrics":{"emSize":1024,"baseline":6.25,"whitespace":50},"embed":false,"autoHost":true},"imagePref":{"prefix":"icon-","png":true,"useClassSelector":true,"color":0,"bgColor":16777215,"classSelector":".icon"},"historySize":50,"showCodes":true,"gridSize":16,"quickUsageToken":{"UntitledProject":"N2VjNDc3MzM5NCMxNzE1Mzg1ODA3I1ZkbVdTMkt3K0hQci93VkwwWXJsS1lNdHc1VEtqV0NOWDdLYmRVQVpOeTJn"}}}