{"IcoMoonType":"selection","icons":[{"icon":{"paths":["M936.571 273.143c14.286 20.571 18.286 47.429 10.286 73.714l-157.143 517.714c-14.286 48.571-64.571 86.286-113.714 86.286h-527.429c-58.286 0-120.571-46.286-141.714-105.714-9.143-25.714-9.143-50.857-1.143-72.571 1.143-11.429 3.429-22.857 4-36.571 0.571-9.143-4.571-16.571-3.429-23.429 2.286-13.714 14.286-23.429 23.429-38.857 17.143-28.571 36.571-74.857 42.857-104.571 2.857-10.857-2.857-23.429 0-33.143 2.857-10.857 13.714-18.857 19.429-29.143 15.429-26.286 35.429-77.143 38.286-104 1.143-12-4.571-25.143-1.143-34.286 4-13.143 16.571-18.857 25.143-30.286 13.714-18.857 36.571-73.143 40-103.429 1.143-9.714-4.571-19.429-2.857-29.714 2.286-10.857 16-22.286 25.143-35.429 24-35.429 28.571-113.714 101.143-93.143l-0.571 1.714c9.714-2.286 19.429-5.143 29.143-5.143h434.857c26.857 0 50.857 12 65.143 32 14.857 20.571 18.286 47.429 10.286 74.286l-156.571 517.714c-26.857 88-41.714 107.429-114.286 107.429h-496.571c-7.429 0-16.571 1.714-21.714 8.571-4.571 6.857-5.143 12-0.571 24.571 11.429 33.143 50.857 40 82.286 40h527.429c21.143 0 45.714-12 52-32.571l171.429-564c3.429-10.857 3.429-22.286 2.857-32.571 13.143 5.143 25.143 13.143 33.714 24.571zM328.571 274.286c-3.429 10.286 2.286 18.286 12.571 18.286h347.429c9.714 0 20.571-8 24-18.286l12-36.571c3.429-10.286-2.286-18.286-12.571-18.286h-347.429c-9.714 0-20.571 8-24 18.286zM281.143 420.571c-3.429 10.286 2.286 18.286 12.571 18.286h347.429c9.714 0 20.571-8 24-18.286l12-36.571c3.429-10.286-2.286-18.286-12.571-18.286h-347.429c-9.714 0-20.571 8-24 18.286z"],"width":952.5394285714285,"attrs":[],"isMulticolor":false,"isMulticolor2":false,"tags":["book"],"defaultCode":61485,"grid":14},"attrs":[],"properties":{"name":"book","id":46,"order":2,"prevSize":28,"code":61485},"setIdx":0,"setId":2,"iconIdx":46},{"icon":{"paths":["M877.714 512c0 242.286-196.571 438.857-438.857 438.857s-438.857-196.571-438.857-438.857 196.571-438.857 438.857-438.857 438.857 196.571 438.857 438.857z"],"width":877.7142857142857,"attrs":[],"isMulticolor":false,"isMulticolor2":false,"tags":["circle"],"defaultCode":61713,"grid":14},"attrs":[],"properties":{"name":"circle","id":245,"order":3,"prevSize":28,"code":61713},"setIdx":0,"setId":2,"iconIdx":245}],"height":1024,"metadata":{"name":"icomoon"},"preferences":{"showGlyphs":true,"showQuickUse":true,"showQuickUse2":true,"showSVGs":true,"fontPref":{"prefix":"icon-","metadata":{"fontFamily":"icomoon"},"metrics":{"emSize":1024,"baseline":6.25,"whitespace":50},"embed":false,"autoHost":true},"imagePref":{"prefix":"icon-","png":true,"useClassSelector":true,"color":0,"bgColor":16777215,"classSelector":".icon"},"historySize":50,"showCodes":true,"gridSize":16,"quickUsageToken":{"UntitledProject":"MzNhOWVjYTdlMyMxNzE1MjIwNDc3I05WbTBYYkpSSWZZelJwUGpIL2dkTlNucDFMek5ZRFpJT1J3alEyVlRucndK"}}}