{"IcoMoonType":"selection","icons":[{"icon":{"paths":["M950.857 369.714c0 10.286-7.429 20-14.857 27.429l-207.429 202.286 49.143 285.714c0.571 4 0.571 7.429 0.571 11.429 0 14.857-6.857 28.571-23.429 28.571-8 0-16-2.857-22.857-6.857l-256.571-134.857-256.571 134.857c-7.429 4-14.857 6.857-22.857 6.857-16.571 0-24-13.714-24-28.571 0-4 0.571-7.429 1.143-11.429l49.143-285.714-208-202.286c-6.857-7.429-14.286-17.143-14.286-27.429 0-17.143 17.714-24 32-26.286l286.857-41.714 128.571-260c5.143-10.857 14.857-23.429 28-23.429s22.857 12.571 28 23.429l128.571 260 286.857 41.714c13.714 2.286 32 9.143 32 26.286z"],"width":950.8571428571428,"attrs":[],"isMulticolor":false,"isMulticolor2":false,"tags":["star"],"defaultCode":61445,"grid":14},"attrs":[],"properties":{"name":"star","id":9,"order":3,"prevSize":28,"code":61445},"setIdx":0,"setId":2,"iconIdx":9},{"icon":{"paths":["M649.714 573.714l174.857-169.714-241.143-35.429-108-218.286-108 218.286-241.143 35.429 174.857 169.714-41.714 240.571 216-113.714 215.429 113.714zM950.857 369.714c0 10.286-7.429 20-14.857 27.429l-207.429 202.286 49.143 285.714c0.571 4 0.571 7.429 0.571 11.429 0 15.429-6.857 28.571-23.429 28.571-8 0-16-2.857-22.857-6.857l-256.571-134.857-256.571 134.857c-7.429 4-14.857 6.857-22.857 6.857-16.571 0-24-13.714-24-28.571 0-4 0.571-7.429 1.143-11.429l49.143-285.714-208-202.286c-6.857-7.429-14.286-17.143-14.286-27.429 0-17.143 17.714-24 32-26.286l286.857-41.714 128.571-260c5.143-10.857 14.857-23.429 28-23.429s22.857 12.571 28 23.429l128.571 260 286.857 41.714c13.714 2.286 32 9.143 32 26.286z"],"width":950.8571428571428,"attrs":[],"isMulticolor":false,"isMulticolor2":false,"tags":["star-o"],"defaultCode":61446,"grid":14},"attrs":[],"properties":{"name":"star-o","id":10,"order":2,"prevSize":28,"code":61446},"setIdx":0,"setId":2,"iconIdx":10},{"icon":{"paths":["M665.143 73.143c8.571 0 17.143 1.714 25.143 5.143 25.143 9.714 41.143 33.143 41.143 58.857v736.571c0 25.714-16 49.143-41.143 58.857-8 3.429-16.571 4.571-25.143 4.571-17.714 0-34.286-6.286-47.429-18.286l-252-242.286-252 242.286c-13.143 12-29.714 18.857-47.429 18.857-8.571 0-17.143-1.714-25.143-5.143-25.143-9.714-41.143-33.143-41.143-58.857v-736.571c0-25.714 16-49.143 41.143-58.857 8-3.429 16.571-5.143 25.143-5.143h598.857z"],"width":731.4285714285713,"attrs":[],"isMulticolor":false,"isMulticolor2":false,"tags":["bookmark"],"defaultCode":61486,"grid":14},"attrs":[],"properties":{"name":"bookmark","id":47,"order":4,"prevSize":28,"code":61486},"setIdx":0,"setId":2,"iconIdx":47},{"icon":{"paths":["M658.286 146.286h-585.143v709.714l292.571-280.571 50.857 48.571 241.714 232v-709.714zM665.143 73.143c8.571 0 17.143 1.714 25.143 5.143 25.143 9.714 41.143 33.143 41.143 58.857v736.571c0 25.714-16 49.143-41.143 58.857-8 3.429-16.571 4.571-25.143 4.571-17.714 0-34.286-6.286-47.429-18.286l-252-242.286-252 242.286c-13.143 12-29.714 18.857-47.429 18.857-8.571 0-17.143-1.714-25.143-5.143-25.143-9.714-41.143-33.143-41.143-58.857v-736.571c0-25.714 16-49.143 41.143-58.857 8-3.429 16.571-5.143 25.143-5.143h598.857z"],"width":731.4285714285713,"attrs":[],"isMulticolor":false,"isMulticolor2":false,"tags":["bookmark-o"],"defaultCode":61591,"grid":14},"attrs":[],"properties":{"name":"bookmark-o","id":143,"order":5,"prevSize":28,"code":61591},"setIdx":0,"setId":2,"iconIdx":143}],"height":1024,"metadata":{"name":"icomoon"},"preferences":{"showGlyphs":true,"showQuickUse":true,"showQuickUse2":true,"showSVGs":true,"fontPref":{"prefix":"icon-","metadata":{"fontFamily":"icomoon"},"metrics":{"emSize":1024,"baseline":6.25,"whitespace":50},"embed":false,"autoHost":true},"imagePref":{"prefix":"icon-","png":true,"useClassSelector":true,"color":0,"bgColor":16777215,"classSelector":".icon"},"historySize":50,"showCodes":true,"gridSize":16,"quickUsageToken":{"UntitledProject":"ZjY2ODEzNGI4MyMxNzEwMjkzMjMyI2FPMUt0TTNDK1FSNktiR0F6SUJGUkR5c2FYNHFxNVBvVHg4VldXaktnek9j"}}}